topic_id,category_top1,topic_desc
0,Social Sciences,"Tópico 0. Palabras clave: school, education, students, mental, health, educational, teachers, chile, schools, chilean"
1,Pharmacology,"Tópico 1. Palabras clave: cancer, cells, tumor, cell, breast, metastasis, prostate, tumors, patients, expression"
2,Veterinary,"Tópico 2. Palabras clave: cows, milk, dairy, meat, welfare, kg, animal, cattle, calves, cow"
3,Energy,"Tópico 3. Palabras clave: control, predictive, voltage, converter, mpc, converters, multilevel, power, inverter, grid"
4,Engineering,"Tópico 4. Palabras clave: seismic, buildings, concrete, ground, building, structures, earthquake, reinforced, steel, motion"
5,Mathematics,"Tópico 5. Palabras clave: finite, stokes, flow, equations, numerical, mixed, element, error, velocity, formulation"
6,Immunology and Microbiology,"Tópico 6. Palabras clave: salmon, salmonis, atlantic, fish, salar, piscirickettsia, rogercresseyi, lice, salmo, caligus"
7,Neuroscience,"Tópico 7. Palabras clave: brain, visual, psychedelic, dmt, schizophrenia, eeg, cortex, attention, attentional, experience"
8,Agricultural and Biological Sciences,"Tópico 8. Palabras clave: forest, species, forests, tree, native, seed, niche, plant, conservation, plantations"
9,Mathematics,"Tópico 9. Palabras clave: skew, random, gaussian, covariance, likelihood, distributions, distribution, entropy, normal, information"
10,Agricultural and Biological Sciences,"Tópico 10. Palabras clave: species, genus, telmatobius, chile, sp, parasites, new, diptera, taxonomic, rodents"
11,Computer Science,"Tópico 11. Palabras clave: learning, teaching, students, education, digital, teachers, educational, science, online, engineering"
12,Arts and Humanities,"Tópico 12. Palabras clave: la, de, poetry, literary, el, en, his, del, art, century"
13,Mathematics,"Tópico 13. Palabras clave: equations, equation, solutions, convex, periodic, operator, existence, differential, operators, functions"
14,Physics and Astronomy,"Tópico 14. Palabras clave: quantum, entanglement, states, entangled, photon, qubit, photonic, bell, state, dot"
15,Environmental Science,"Tópico 15. Palabras clave: water, drought, river, precipitation, lake, hydrological, climate, land, chile, groundwater"
16,Earth and Planetary Sciences,"Tópico 16. Palabras clave: volcanic, magma, volcano, eruptive, eruption, magmatic, lava, eruptions, zone, reservoir"
17,Biochemistry,"Tópico 17. Palabras clave: insulin, glucose, diabetes, obesity, hypothalamic, t2d, mitochondrial, adipose, metabolic, glp"
18,Veterinary,"Tópico 18. Palabras clave: virus, viruses, influenza, iltv, bvdv, swine, recombination, viral, vaccine, infectious"
19,Physics and Astronomy,"Tópico 19. Palabras clave: pb, collisions, snn, pt, particle, tev, multiplicity, 02, pp, measured"
20,Computer Science,"Tópico 20. Palabras clave: algorithm, algorithms, problem, optimization, problems, combinatorial, instances, knapsack, programming, metaheuristics"
21,Neuroscience,"Tópico 21. Palabras clave: neurons, synaptic, wnt, neuronal, nmj, postsynaptic, signaling, hippocampal, neuromuscular, bdnf"
22,Materials Science,"Tópico 22. Palabras clave: alloy, alloys, ti3c2tx, ti, wear, mechanical, coatings, microstructure, phase, tribological"
23,Chemistry,"Tópico 23. Palabras clave: complexes, ligand, ligands, coordination, crystal, 1h, schiff, nmr, electronic, cu"
24,Materials Science,"Tópico 24. Palabras clave: magnetic, spin, magnetization, magnonic, modes, micromagnetic, nanowires, bloch, domain, skyrmion"
25,Social Sciences,"Tópico 25. Palabras clave: mathematics, mathematical, teacher, teachers, knowledge, teaching, education, solving, thinking, algebraic"
26,Earth and Planetary Sciences,"Tópico 26. Palabras clave: glacier, snow, glaciers, ice, balance, andes, mass, ablation, climate, elevation"
27,Social Sciences,"Tópico 27. Palabras clave: housing, urban, city, neighborhood, santiago, cities, social, estate, temuco, space"
28,Social Sciences,"Tópico 28. Palabras clave: eating, food, obesity, habits, children, nutrition, dietary, healthy, nutritional, diet"
29,Earth and Planetary Sciences,"Tópico 29. Palabras clave: basin, ma, tectonic, cretaceous, plate, late, rocks, arc, magmatism, mantle"
30,Social Sciences,"Tópico 30. Palabras clave: political, constitutional, party, constitution, electoral, democracy, parties, voting, presidential, democratic"
31,Health Professions,"Tópico 31. Palabras clave: physical, exercise, older, adults, cognitive, epinfant, activity, children, adlq, elderly"
32,Earth and Planetary Sciences,"Tópico 32. Palabras clave: earthquake, tsunami, earthquakes, seismic, mw, subduction, slip, megathrust, afterslip, rupture"
33,Psychology,"Tópico 33. Palabras clave: intergroup, cultural, members, contact, social, inequality, acculturation, prejudice, self, beliefs"
34,Agricultural and Biological Sciences,"Tópico 34. Palabras clave: extracts, antioxidant, extract, glucosidase, activity, ms, compounds, leaves, oil, essential"
35,Agricultural and Biological Sciences,"Tópico 35. Palabras clave: drying, antioxidant, juice, freeze, bioactive, vacuum, compounds, extraction, phenolic, cryoconcentration"
36,Social Sciences,"Tópico 36. Palabras clave: media, news, twitter, television, journalism, political, social, digital, sentiment, journalists"
37,Physics and Astronomy,"Tópico 37. Palabras clave: black, hole, holes, quasinormal, scalar, gravity, einstein, solutions, dimensional, exact"
38,Computer Science,"Tópico 38. Palabras clave: projects, construction, software, bim, tactics, value, project, design, architectural, process"
39,Biochemistry,"Tópico 39. Palabras clave: yeast, cerevisiae, fermentation, saccharomyces, nitrogen, wine, torc1, strains, yeasts, metabolic"
40,Physics and Astronomy,"Tópico 40. Palabras clave: galaxies, star, gas, galaxy, formation, stellar, sfr, ism, emission, agn"
41,Physics and Astronomy,"Tópico 41. Palabras clave: higgs, boson, search, decays, atlas, decaying, detector, tev, gev, fb"
42,Nursing,"Tópico 42. Palabras clave: older, mortality, frailty, people, adults, age, sarcopenia, years, frail, aged"
43,Computer Science,"Tópico 43. Palabras clave: infrared, qsm, imaging, noise, image, reconstruction, susceptibility, images, nonuniformity, mri"
44,Health Professions,"Tópico 44. Palabras clave: exercise, training, hiit, fat, weeks, intensity, body, htn, heart, rt"
45,Psychology,"Tópico 45. Palabras clave: sexual, gay, men, lesbian, satisfaction, transgender, heterosexual, gender, pornography, sex"
46,Materials Science,"Tópico 46. Palabras clave: wrinkled, hydrogel, printing, scaffolds, 3d, hydrogels, polymerization, printed, films, materials"
47,Physics and Astronomy,"Tópico 47. Palabras clave: cross, collisions, section, atlas, detector, tev, proton, production, sections, measurement"
48,Environmental Science,"Tópico 48. Palabras clave: microbial, communities, bacterial, sediments, algal, community, blooms, bacteria, cyanobacteria, harmful"
49,Immunology and Microbiology,"Tópico 49. Palabras clave: cruzi, trypanosoma, chagas, parasite, placental, gondii, explants, infection, congenital, trypanocidal"
50,Physics and Astronomy,"Tópico 50. Palabras clave: neutrino, minerva, νμ, antineutrino, cross, gev, charged, scattering, section, energy"
51,Materials Science,"Tópico 51. Palabras clave: diamond, carbon, nanotubes, nanoparticles, amorphous, hollow, dislocation, graphene, mechanical, nm"
52,Arts and Humanities,"Tópico 52. Palabras clave: law, legal, criminal, civil, procedural, rights, court, contract, administrative, private"
53,Medicine,"Tópico 53. Palabras clave: sars, cov, coronavac, booster, vaccine, bnt162b2, variants, omicron, vaccination, covid"
54,Physics and Astronomy,"Tópico 54. Palabras clave: atlas, trigger, lhc, run, detector, calorimeter, detectors, proton, reconstruction, performance"
55,Business,"Tópico 55. Palabras clave: transport, travel, public, bus, satisfaction, service, users, transit, fare, vehicles"
56,Immunology and Microbiology,"Tópico 56. Palabras clave: pylori, helicobacter, microbiota, children, gut, gastric, stool, infection, intestinal, eradication"
57,Neuroscience,"Tópico 57. Palabras clave: speech, vocal, voice, speaker, noise, glottal, fold, sound, acoustic, subglottal"
58,Immunology and Microbiology,"Tópico 58. Palabras clave: typhimurium, salmonella, infection, discoideum, spi, enterica, typhi, enteritidis, virulence, serovar"
59,Mathematics,"Tópico 59. Palabras clave: graph, graphs, vertices, estrada, bounds, matrix, laplacian, adjacency, vertex, formula"
60,Earth and Planetary Sciences,"Tópico 60. Palabras clave: archaeological, hunter, atacama, lithic, archaic, desert, northern, gatherers, gatherer, occupation"
61,Social Sciences,"Tópico 61. Palabras clave: migration, migrants, mobility, migrant, haitian, immigrants, immigration, chile, racism, santiago"
62,Biochemistry,"Tópico 62. Palabras clave: hiv, ires, viral, rna, hbx, virus, translation, initiation, denv, dengue"
63,Environmental Science,"Tópico 63. Palabras clave: air, pollution, pm2, particulate, indoor, quality, exposure, health, pm10, matter"
64,Biochemistry,"Tópico 64. Palabras clave: maternal, fetal, gdm, placental, pregnancy, placenta, gestational, sga, obesity, insulin"
65,Agricultural and Biological Sciences,"Tópico 65. Palabras clave: antarctic, species, islands, ocean, genus, south, southern, pacific, boeckella, laevilitorina"
66,Decision Sciences,"Tópico 66. Palabras clave: inventory, demand, price, supply, chain, prophet, pricing, buyer, product, suppliers"
67,Arts and Humanities,"Tópico 67. Palabras clave: philosophy, leibniz, kant, consciousness, his, metaphysics, heidegger, god, philosophical, spinoza"
68,Environmental Science,"Tópico 68. Palabras clave: aerosol, lidar, smoke, emissions, carbon, cloud, atmospheric, air, depolarization, hemisphere"
69,Materials Science,"Tópico 69. Palabras clave: zno, photocatalytic, tio2, photocatalysis, photoanodes, rutile, aptes, degradation, zinc, spectroscopy"
70,Chemistry,"Tópico 70. Palabras clave: fermentation, lignin, production, acid, hydrolysis, biomass, microbial, pdc, ethanol, cultures"
71,Chemistry,"Tópico 71. Palabras clave: derivatives, ferrocenyl, 1h, compounds, compound, synthesis, pyrazole, nmr, phenyl, crystal"
72,Physics and Astronomy,"Tópico 72. Palabras clave: dark, matter, higgs, boson, search, decaying, standard, mediator, missing, relic"
73,Social Sciences,"Tópico 73. Palabras clave: statistical, textbooks, graphs, education, statistics, primary, tables, mathematics, reading, probability"
74,Social Sciences,"Tópico 74. Palabras clave: gender, women, stem, stereotypes, education, vocational, female, students, career, construction"
75,Immunology and Microbiology,"Tópico 75. Palabras clave: difficile, spores, spore, exosporium, clostridium, cdi, cdec, clostridioides, infection, antibiotic"
76,Physics and Astronomy,"Tópico 76. Palabras clave: disk, dust, protoplanetary, disks, disc, planet, spiral, inner, pds, planets"
77,Energy,"Tópico 77. Palabras clave: battery, ion, batteries, lithium, discharge, degradation, soc, charge, state, li"
78,Physics and Astronomy,"Tópico 78. Palabras clave: stars, cepheids, lyrae, rr, blazhko, period, galactic, variables, pulsation, milky"
79,Pharmacology,"Tópico 79. Palabras clave: liver, hfd, steatosis, hepatic, nafld, fatty, fat, lcpufa, diet, supplementation"
80,Dentistry,"Tópico 80. Palabras clave: oral, oscc, carcinoma, squamous, cancer, dysplasia, catenin, cell, salivary, carcinogenesis"
81,Energy,"Tópico 81. Palabras clave: thermal, energy, heating, storage, heat, pcm, microwave, bischofite, buildings, temperature"
82,Immunology and Microbiology,"Tópico 82. Palabras clave: maclovinus, eleginops, noatunensis, fish, salmonis, francisella, stress, injection, response, notothenioid"
83,Economics,"Tópico 83. Palabras clave: income, economic, poverty, crisis, chile, savings, economy, trade, vulnerability, inequality"
84,Mathematics,"Tópico 84. Palabras clave: nematic, localized, front, propagation, fronts, instability, states, dynamics, transition, pattern"
85,Agricultural and Biological Sciences,"Tópico 85. Palabras clave: fruit, ripening, strawberry, wall, genes, ananassa, fragaria, ja, biosynthesis, anthocyanin"
86,Earth and Planetary Sciences,"Tópico 86. Palabras clave: whales, whale, humpback, fin, killer, watching, dw, feeding, lfpw, acoustic"
87,Physics and Astronomy,"Tópico 87. Palabras clave: ngc, globular, cluster, clusters, stars, bulge, abundances, metallicity, fe, gcs"
88,Decision Sciences,"Tópico 88. Palabras clave: mining, copper, mine, pit, mines, exploration, pushbacks, ore, energy, tailings"
89,Agricultural and Biological Sciences,"Tópico 89. Palabras clave: mycorrhizal, fungi, amf, arbuscular, fungal, am, plant, colonization, orchid, soil"
90,Earth and Planetary Sciences,"Tópico 90. Palabras clave: groundwater, recharge, isotopic, aquifer, atacama, water, iodine, arid, desert, tuyajto"
91,Chemistry,"Tópico 91. Palabras clave: peptides, trp, peptide, tyr, radicals, protein, peroxyl, roo, oxidation, aaph"
92,Psychology,"Tópico 92. Palabras clave: psychotherapy, therapeutic, alliance, therapists, psychotherapeutic, personality, change, therapist, depressive, depression"
93,Agricultural and Biological Sciences,"Tópico 93. Palabras clave: thermal, pco2, tolerance, embryos, temperature, temperatures, warming, intertidal, mussel, heat"
94,Social Sciences,"Tópico 94. Palabras clave: disaster, disasters, natural, socio, earthquake, social, community, urban, vulnerability, place"
95,Arts and Humanities,"Tópico 95. Palabras clave: title, keywords, abstract, marilyn, afterword, casi, tekné, techne, landolfi, todo"
96,Chemical Engineering,"Tópico 96. Palabras clave: rubber, biodegradation, isoprene, cis, degradation, poly, phb, latex, vh2, bionanocomposites"
97,Arts and Humanities,"Tópico 97. Palabras clave: editorial, preface, introduction, title, keywords, abstract, deionization, capacitive, hypsometry, numéro"
98,Psychology,"Tópico 98. Palabras clave: students, self, academic, university, learning, motivation, ethic, motivational, student, doctoral"
99,Biochemistry,"Tópico 99. Palabras clave: muscle, ang, skeletal, tgf, angiotensin, mas, atrophy, β1, induced, progenitors"
100,Computer Science,"Tópico 100. Palabras clave: neural, slam, saliency, networks, object, classification, deep, learning, training, convolutional"
101,Nursing,"Tópico 101. Palabras clave: covid, 19, pandemic, care, perception, behaviors, latin, measures, adherence, norms"
102,Physics and Astronomy,"Tópico 102. Palabras clave: cosmological, inflation, universe, cosmology, gravity, field, theory, scalar, formula, inflationary"
103,Chemical Engineering,"Tópico 103. Palabras clave: catalysts, catalyst, hydrogenation, catalytic, pt, pd, reaction, ni, supported, tio2"
104,Materials Science,"Tópico 104. Palabras clave: metallic, glasses, shear, mgs, cuzr, mechanical, rejuvenation, atomic, plastic, dynamics"
105,Physics and Astronomy,"Tópico 105. Palabras clave: supersymmetry, gluino, squarks, tev, search, supersymmetric, gluinos, jets, lightest, missing"
106,Environmental Science,"Tópico 106. Palabras clave: soil, cu, copper, soils, loid, metal, contamination, contaminated, pesticides, eas"
107,Energy,"Tópico 107. Palabras clave: solar, pv, power, photovoltaic, energy, grid, maximum, modules, tracking, generation"
108,Health Professions,"Tópico 108. Palabras clave: cardiac, heart, atrial, fibrillation, fhr, purkinje, ctg, qt, electrophysiology, drug"
109,Materials Science,"Tópico 109. Palabras clave: dielectric, poly, polymers, polymer, dipolar, azomethine, glass, materials, thermal, containing"
110,Environmental Science,"Tópico 110. Palabras clave: soil, soils, pasture, maize, pastures, grazing, water, volcanic, cm, dung"
111,Dentistry,"Tópico 111. Palabras clave: teeth, tooth, pulp, dental, endodontic, endodontics, apical, dentin, regenerative, immature"
112,Biochemistry,"Tópico 112. Palabras clave: arabidopsis, stress, nitrate, plants, plant, thaliana, growth, salt, tolerance, sa"
113,Nursing,"Tópico 113. Palabras clave: infant, mortality, ebf, infants, 1930, santiago, birth, breastfeeding, prevalence, pregnancy"
114,Physics and Astronomy,"Tópico 114. Palabras clave: jet, pb, collisions, jets, pp, momentum, fragmentation, transverse, charged, tev"
115,Medicine,"Tópico 115. Palabras clave: syndrome, fmr1, variants, fxs, intellectual, mvs, fm, fragile, fkbp5, deafness"
116,Biochemistry,"Tópico 116. Palabras clave: channels, voltage, channel, ca2, gating, bk, hemichannels, spak, unx1, osr1"
117,Arts and Humanities,"Tópico 117. Palabras clave: music, musical, mapuche, música, guitar, education, ritual, sound, sociomusical, popular"
118,Physics and Astronomy,"Tópico 118. Palabras clave: higgs, boson, pair, resonant, bb, production, standard, search, atlas, tev"
119,Chemical Engineering,"Tópico 119. Palabras clave: electrode, electrodes, electrochemical, orr, reaction, glassy, electrocatalytic, oxidation, carbon, nitrite"
120,Medicine,"Tópico 120. Palabras clave: temporomandibular, tmj, joint, cartilage, articular, oa, osteoarthritis, ha, mandibular, condylar"
121,Computer Science,"Tópico 121. Palabras clave: robot, robots, robotic, programming, tracking, live, mobile, debugging, detection, object"
122,Veterinary,"Tópico 122. Palabras clave: sperm, spermatozoa, motility, membrane, semen, integrity, pmn, nets, vitrification, ros"
123,Neuroscience,"Tópico 123. Palabras clave: autism, asd, autistic, disorder, children, spectrum, social, communication, processing, alexithymia"
124,Physics and Astronomy,"Tópico 124. Palabras clave: higgs, boson, decay, zz, proton, fusion, cross, sections, atlas, 4ℓ"
125,Chemical Engineering,"Tópico 125. Palabras clave: voltammetry, electrode, stripping, electrochemical, graphene, rgo, determination, anodic, modified, detection"
126,Physics and Astronomy,"Tópico 126. Palabras clave: planets, planet, radial, stars, satellites, planetary, giant, orbiting, hd, star"
127,Energy,"Tópico 127. Palabras clave: microgrids, microgrid, ac, distributed, control, dc, predictive, power, dispatch, grid"
128,Agricultural and Biological Sciences,"Tópico 128. Palabras clave: penguins, trace, penguin, elements, metals, feathers, seabirds, rees, antarctic, excreta"
129,Pharmacology,"Tópico 129. Palabras clave: alzheimer, ache, ad, acetylcholinesterase, disease, inhibitors, compounds, butyrylcholinesterase, aβ, erythrocyte"
130,Agricultural and Biological Sciences,"Tópico 130. Palabras clave: rot, apple, alternaria, fruit, isolates, botryosphaeriaceae, california, pathogenicity, dieback, canker"
131,Chemical Engineering,"Tópico 131. Palabras clave: anaerobic, removal, sludge, hssf, denitrification, nitrogen, organic, mn, autotrophic, digestion"
132,Engineering,"Tópico 132. Palabras clave: froth, flotation, bubble, foam, bubbles, pept, staircase, impeller, size, front"
133,Immunology and Microbiology,"Tópico 133. Palabras clave: salmonella, phages, infantis, isolates, resistance, esbl, resistant, phage, coli, multidrug"
134,Neuroscience,"Tópico 134. Palabras clave: aβ, amyloid, alzheimer, ad, synaptic, membrane, oligomers, disease, hippocampal, peptide"
135,Arts and Humanities,"Tópico 135. Palabras clave: writing, reading, language, comprehension, academic, literacy, students, lebesgue, texts, skills"
136,Neuroscience,"Tópico 136. Palabras clave: stroke, stimulation, heteronymous, gait, motor, rehabilitation, ischemic, synergies, uric, quadriceps"
137,Psychology,"Tópico 137. Palabras clave: satisfaction, life, happiness, students, family, swls, university, scale, optimism, being"
138,Materials Science,"Tópico 138. Palabras clave: cspbbr3, perovskite, perovskites, solar, dyads, halide, c60, porphyrin, dye, films"
139,Business,"Tópico 139. Palabras clave: pandemic, construction, covid, 19, wfh, commuting, home, working, workers, companies"
140,Medicine,"Tópico 140. Palabras clave: hf, chf, heart, cb, chemoreflex, failure, cardiac, carotid, breathing, rats"
141,Computer Science,"Tópico 141. Palabras clave: vlc, rf, hybrid, radio, network, communication, spectrum, visible, tvws, networks"
142,Immunology and Microbiology,"Tópico 142. Palabras clave: acidithiobacillus, acidihalobacter, genome, acidophilic, ferrooxidans, sulfur, acidithiobacillia, acidophiles, dsm, genus"
143,Immunology and Microbiology,"Tópico 143. Palabras clave: hrsv, hmpv, respiratory, syncytial, virus, infection, metapneumovirus, vaccine, viral, tract"
144,Pharmacology,"Tópico 144. Palabras clave: cardiac, cf, reperfusion, ischemia, myocardial, fibroblasts, cardioprotective, heart, msc, fibroblast"
145,Energy,"Tópico 145. Palabras clave: soot, flame, flames, laminar, fraction, volume, temperature, coflow, lii, maturity"
146,Biochemistry,"Tópico 146. Palabras clave: endothelial, ecs, inflammatory, platelets, endotoxin, ox, inflammation, ldl, fibrosis, vascular"
147,Medicine,"Tópico 147. Palabras clave: covid, 19, patients, vaccine, conspiracy, severe, sars, cov, acute, symptoms"
148,Engineering,"Tópico 148. Palabras clave: lens, db, ghz, fresnel, gain, terahertz, sdm, dichroic, antennas, antenna"
149,Veterinary,"Tópico 149. Palabras clave: perfringens, clostridium, cpe, nani, enteritis, intestinal, toxin, horses, enterotoxin, sordellii"
150,Biochemistry,"Tópico 150. Palabras clave: cortisol, trout, rainbow, doc, fish, mykiss, glucocorticoid, oncorhynchus, gr, initiated"
151,Physics and Astronomy,"Tópico 151. Palabras clave: tev, mass, bs0, proton, search, limits, resonances, fb, atlas, decay"
152,Psychology,"Tópico 152. Palabras clave: teachers, emotional, teacher, regulation, child, children, self, preschool, emotions, school"
153,Computer Science,"Tópico 153. Palabras clave: networked, controller, stability, communication, network, erasure, control, reliability, ohl, ncss"
154,Immunology and Microbiology,"Tópico 154. Palabras clave: uc, ibd, colitis, intestinal, st2, ulcerative, lrh, bowel, 33, inflammatory"
155,Physics and Astronomy,"Tópico 155. Palabras clave: top, quark, cross, proton, section, atlas, hadron, boson, detector, formula"
156,Physics and Astronomy,"Tópico 156. Palabras clave: chargino, neutralino, lightest, charginos, supersymmetric, gev, inlinemediaobject, electroweak, production, masses"
157,Dentistry,"Tópico 157. Palabras clave: periodontitis, periodontal, actinomycetemcomitans, serotypes, gingivalis, methylglyoxal, serotype, resorption, gingival, il"
158,Medicine,"Tópico 158. Palabras clave: gbc, gallbladder, ancestry, cancer, risk, gallstones, mapuche, dysplasia, gallstone, american"
159,Agricultural and Biological Sciences,"Tópico 159. Palabras clave: viticulture, berry, grapevine, grape, varieties, rootstocks, vineyard, leaf, rootstock, shading"
160,Health Professions,"Tópico 160. Palabras clave: jump, plyometric, endurance, players, training, soccer, explosive, strength, performance, sprint"
161,Physics and Astronomy,"Tópico 161. Palabras clave: jets, proton, jet, cross, sections, tev, atlas, hadron, detector, transverse"
162,Business,"Tópico 162. Palabras clave: team, teams, pcf, organizational, decent, psychological, leadership, job, contract, affective"
163,Physics and Astronomy,"Tópico 163. Palabras clave: teleparallel, gravity, theories, torsion, cosmology, cosmological, theory, noether, relativity, scalar"
164,Business,"Tópico 164. Palabras clave: consumers, consumer, food, foods, origin, segments, ffs, purchase, consumption, ethnic"
165,Neuroscience,"Tópico 165. Palabras clave: ethanol, alcohol, glycine, glyrs, mice, α1, intake, drinking, accumbens, α2"
166,Neuroscience,"Tópico 166. Palabras clave: conditioning, igt, cs, humor, pavlovian, fear, stimulus, anxiety, os, task"
167,Multidisciplinary,"Tópico 167. Palabras clave: ancestry, americans, facial, admixture, latin, dental, genetic, admixed, european, genome"
168,Chemical Engineering,"Tópico 168. Palabras clave: molybdenite, flotation, copper, seawater, molybdenum, chalcopyrite, lignosulfonates, kaolinite, depressing, ions"
169,Agricultural and Biological Sciences,"Tópico 169. Palabras clave: sasl, sea, prey, hake, abundance, sardine, lion, ssl, anchovy, marine"
170,Business,"Tópico 170. Palabras clave: food, foods, motivations, dish, choices, eating, mindfulness, consumers, choice, familiarity"
171,Immunology and Microbiology,"Tópico 171. Palabras clave: zebrafish, spine, neutrophils, caudal, danio, rerio, ais, parapineal, aquaculture, fish"
172,Materials Science,"Tópico 172. Palabras clave: chitosan, films, gold, cs, film, nanoparticles, pote, nanocomposite, chitin, biobased"
173,Nursing,"Tópico 173. Palabras clave: covid, 19, mental, pandemic, healthcare, health, workers, hcws, distress, depressive"
174,Chemical Engineering,"Tópico 174. Palabras clave: impregnation, pla, supercritical, thymol, scco2, cinnamaldehyde, films, release, packaging, incorporation"
175,Engineering,"Tópico 175. Palabras clave: magnet, machine, synchronous, isc, machines, permanent, torque, rotor, stator, ipmsm"
176,Earth and Planetary Sciences,"Tópico 176. Palabras clave: deposits, magnetite, apatite, ioa, iocg, hydrothermal, candelaria, mineralization, deposit, iron"
177,Veterinary,"Tópico 177. Palabras clave: sperm, spermatozoa, motility, cryopreservation, salmo, semen, salar, membrane, salmon, atlantic"
178,Veterinary,"Tópico 178. Palabras clave: prgs, horses, equine, dogs, lr, collagen, vertebral, tgfβ, navicular, canine"
179,Physics and Astronomy,"Tópico 179. Palabras clave: tev, phenomena, search, hadron, limits, proton, missing, atlas, transverse, jet"
180,Immunology and Microbiology,"Tópico 180. Palabras clave: stec, shiga, shigella, toxin, strains, flexneri, coli, escherichia, vaccine, laa"
181,Computer Science,"Tópico 181. Palabras clave: bundles, tractography, bundle, fiber, fibers, white, clustering, matter, subject, subjects"
182,Materials Science,"Tópico 182. Palabras clave: magnetic, dft, spin, nanotubes, fe3o4, coni, nanowires, electronic, properties, magnetization"
183,Social Sciences,"Tópico 183. Palabras clave: women, feminist, advertising, representation, academia, gender, political, mujer, magazines, magazine"
184,Psychology,"Tópico 184. Palabras clave: environmental, sustainability, mindfulness, pro, social, education, epi, osf, biotrade, ethics"
185,Computer Science,"Tópico 185. Palabras clave: networks, network, contagion, boolean, simplicial, centrality, synchronization, spreading, interactions, reciprocity"
186,Physics and Astronomy,"Tópico 186. Palabras clave: lensing, galaxy, des, redshift, cosmological, dark, y3, s8, shear, weak"
187,Psychology,"Tópico 187. Palabras clave: mindfulness, emotion, compassion, attachment, regulation, reappraisal, emotional, lpp, emotions, meditation"
188,Physics and Astronomy,"Tópico 188. Palabras clave: photon, parton, photons, collisions, qcd, tev, inclusive, cross, pseudorapidity, scattering"
189,Chemical Engineering,"Tópico 189. Palabras clave: oxidation, anodic, bdd, mineralization, wastewater, dye, diamond, boron, degradation, textile"
190,Earth and Planetary Sciences,"Tópico 190. Palabras clave: fossil, seals, shark, sharks, seal, neogene, pacific, record, pliocene, south"
191,Materials Science,"Tópico 191. Palabras clave: antibacterial, nanoparticles, silver, agnps, nps, antimicrobial, ag, nanocomposites, nanocomposite, pbat"
192,Psychology,"Tópico 192. Palabras clave: child, mother, children, intervention, mindfulness, socioemotional, emotional, parental, mothers, interventions"
193,Physics and Astronomy,"Tópico 193. Palabras clave: polarization, ray, neutron, pulsar, magnetars, polarimetry, emission, stars, rays, ixpe"
194,Immunology and Microbiology,"Tópico 194. Palabras clave: vibrio, scallop, purpuratus, immune, scallops, hemocytes, apbd1, defensin, argopecten, larvae"
195,Computer Science,"Tópico 195. Palabras clave: fuzzy, interactive, clustering, numbers, extension, vector, rough, interval, outlier, principle"
196,Physics and Astronomy,"Tópico 196. Palabras clave: stars, binaries, binary, ogle, stellar, ecl, spectroscopic, massive, orbital, disk"
197,Computer Science,"Tópico 197. Palabras clave: moocs, mooc, learners, course, srl, courses, learning, online, self, massive"
198,Environmental Science,"Tópico 198. Palabras clave: fishing, fisheries, fishery, fishers, artisanal, recreational, catch, management, fish, aquaculture"
199,Agricultural and Biological Sciences,"Tópico 199. Palabras clave: aphid, aphids, endosymbionts, host, avenae, persicae, parasitoids, parasitoid, sitobion, insecticola"
200,Computer Science,"Tópico 200. Palabras clave: passengers, boarding, train, alighting, passenger, platform, metro, stations, station, doors"
201,Pharmacology,"Tópico 201. Palabras clave: gold, nanoparticles, gnpr, nanorods, delivery, peptide, brain, gns, gnp, aggregation"
202,Physics and Astronomy,"Tópico 202. Palabras clave: toi, planet, transiting, neptune, planets, ngts, hot, radius, tess, period"
203,Agricultural and Biological Sciences,"Tópico 203. Palabras clave: genetic, connectivity, larval, sg, ei, islands, dispersal, concholepas, reefs, marine"
204,Computer Science,"Tópico 204. Palabras clave: optical, elastic, networks, allocation, spectrum, routing, ber, network, assignment, multiband"
205,Chemical Engineering,"Tópico 205. Palabras clave: adsorption, arsenic, removal, scorodite, phosphorene, oxidation, iii, metal, arsenopyrite, gac"
206,Biochemistry,"Tópico 206. Palabras clave: actin, pkd2, autophagy, becn1, herpud1, er, cilium, protein, ubl, prpk"
207,Dentistry,"Tópico 207. Palabras clave: canal, maxillary, mandibular, mb2, cbct, root, cone, mesiobuccal, tomography, beam"
208,Environmental Science,"Tópico 208. Palabras clave: soil, soils, soc, organic, sequestration, carbon, no3, volcanic, fractions, ultisol"
209,Veterinary,"Tópico 209. Palabras clave: embryos, blastocysts, embryo, bovine, blastocyst, icsi, oct4, smgt, expression, oocytes"
210,Immunology and Microbiology,"Tópico 210. Palabras clave: tilapia, nile, snps, snp, farmed, niloticus, oreochromis, genome, genomic, gift"
211,Physics and Astronomy,"Tópico 211. Palabras clave: quarks, quark, vector, vectorlike, tev, limits, search, gev, like, jets"
212,Veterinary,"Tópico 212. Palabras clave: bone, huemul, digging, bones, deer, subterranean, patagonian, bathyergus, mammals, bathyergidae"
213,Veterinary,"Tópico 213. Palabras clave: broiler, residues, ms, feathers, poultry, droppings, otc, chickens, oxytetracycline, antimicrobial"
214,Energy,"Tópico 214. Palabras clave: flame, spread, fire, pressure, microgravity, ambient, spacecraft, oxygen, pmma, flammability"
215,Immunology and Microbiology,"Tópico 215. Palabras clave: arsenic, exiguobacterium, sh31, acr3, huasco, strains, sh, isolated, resistance, heterobactin"
216,Neuroscience,"Tópico 216. Palabras clave: dopamine, striatum, rats, dopaminergic, amphetamine, sensitization, dopa, d5r, mao, dls"
217,Chemistry,"Tópico 217. Palabras clave: tbo, cucurbit, singlet, uril, demethylation, toluidine, oxygen, photosensitizer, phototoxicity, photodynamic"
218,Agricultural and Biological Sciences,"Tópico 218. Palabras clave: wood, eucalyptus, modification, nitens, thermally, humboldtii, radiata, plantation, alpina, crystallinity"
219,Neuroscience,"Tópico 219. Palabras clave: svct2, vitamin, ascorbic, dha, neurons, aa, recycling, astrocytes, neuronal, acid"
220,Medicine,"Tópico 220. Palabras clave: oct, retinal, angiography, octa, macular, coherence, tomography, choroidal, eyes, fundus"
221,Physics and Astronomy,"Tópico 221. Palabras clave: galaxy, halo, galaxies, bias, haloes, assembly, clustering, cosmology, hod, subhalo"
222,Social Sciences,"Tópico 222. Palabras clave: journalism, journalists, news, journalistic, audience, ai, media, newsrooms, digital, metrics"
223,Dentistry,"Tópico 223. Palabras clave: endoscopic, surgery, nasal, endonasal, flap, skull, septal, surgical, base, rhinoplasty"
224,Agricultural and Biological Sciences,"Tópico 224. Palabras clave: foliar, grape, amino, grapevines, tempranillo, wine, volatile, mej, nitrogen, grapes"
225,Mathematics,"Tópico 225. Palabras clave: skyrme, gauged, solitons, dimensional, topological, analytic, field, configurations, chiral, equations"
226,Engineering,"Tópico 226. Palabras clave: turbine, wind, blade, rotor, wake, cylinder, vortex, lift, gust, fatigue"
227,Immunology and Microbiology,"Tópico 227. Palabras clave: cysts, granulosus, echinococcus, fertile, cyst, cattle, protoscoleces, adventitial, hepatica, ce"
228,Computer Science,"Tópico 228. Palabras clave: food, recognition, deep, label, uncertainty, segmentation, learning, noisy, multi, semantic"
229,Computer Science,"Tópico 229. Palabras clave: language, languages, linguistic, wording, words, endangerment, speakers, grammatical, semantic, verb"
230,Pharmacology,"Tópico 230. Palabras clave: nachr, α4β2, nachrs, nicotinic, α7, acetylcholine, binding, sert, receptors, agonist"
231,Psychology,"Tópico 231. Palabras clave: family, satisfaction, parents, fathers, conflict, earner, partner, dual, work, life"
232,Medicine,"Tópico 232. Palabras clave: aging, ageing, age, clocks, drug, tpe, alk, risk, combinations, epigenetic"
233,Chemical Engineering,"Tópico 233. Palabras clave: carbon, planar, tetracoordinate, aromatic, minima, ptc, clusters, hypercoordinate, surfactants, carbons"
234,Medicine,"Tópico 234. Palabras clave: covid, 19, outbreak, pandemic, coronavirus, epidemiology, hhtis, asymptomatic, plastic, epidemiological"
235,Energy,"Tópico 235. Palabras clave: microgrid, ems, microgrids, management, protection, system, energy, power, operation, isolated"
236,Energy,"Tópico 236. Palabras clave: power, planning, renewable, generation, system, energy, investment, constraints, expansion, flexibility"
237,Chemistry,"Tópico 237. Palabras clave: probes, fluorescent, fluorescence, photophysical, cu2, tict, coumarin, excited, dft, cyah"
238,Agricultural and Biological Sciences,"Tópico 238. Palabras clave: galls, gall, stems, dasineura, galling, galled, host, boldus, nutritive, plant"
239,Neuroscience,"Tópico 239. Palabras clave: parkinson, pd, igf2, dopaminergic, disease, motor, pa, synuclein, huntington, syn"
240,Physics and Astronomy,"Tópico 240. Palabras clave: chern, simons, algebra, dimensional, gauge, gravity, invariant, theories, relativistic, poincaré"
241,Pharmacology,"Tópico 241. Palabras clave: cinerea, botrytis, antifungal, broccoli, myrosinase, geranylated, compounds, glucosinolates, activity, hydrated"
242,Social Sciences,"Tópico 242. Palabras clave: leadership, international, sociocultural, civic, principals, school, adaptation, metasynthesis, educational, citizenship"
243,Materials Science,"Tópico 243. Palabras clave: gold, sers, nanoparticles, ferritin, cruciform, colloid, mba, silver, raman, nanoclusters"
244,Agricultural and Biological Sciences,"Tópico 244. Palabras clave: breeding, reproductive, sex, thorn, dimorphic, bsr, nestlings, rayadito, parental, females"
245,Health Professions,"Tópico 245. Palabras clave: lung, copd, pulmonary, ecc, respiratory, alveolar, patients, regional, strain, mip"
246,Dentistry,"Tópico 246. Palabras clave: honey, healing, wound, ulmoplus, ulmo, wounds, burn, burns, cavia, porcellus"
247,Physics and Astronomy,"Tópico 247. Palabras clave: neutron, riken, decay, nishina, 70kr, isotopes, half, delayed, jπ, radioactivity"
248,Computer Science,"Tópico 248. Palabras clave: query, sparql, queries, rdf, graph, graphs, logics, provenance, engines, shacl"
249,Neuroscience,"Tópico 249. Palabras clave: scd, cognitive, decline, ad, dementia, alzheimer, cognitively, pread, impairment, subjects"
250,Earth and Planetary Sciences,"Tópico 250. Palabras clave: fire, araucaria, land, vegetation, fires, nothofagus, ka, forest, steppe, avocado"
251,Chemical Engineering,"Tópico 251. Palabras clave: ethylene, nickel, catalysts, catalyst, complexes, polymerization, reaction, c6f5, catalytic, methallyl"
252,Nursing,"Tópico 252. Palabras clave: enteral, nutrition, hospital, stay, patients, care, ill, adverse, emergency, drug"
253,Immunology and Microbiology,"Tópico 253. Palabras clave: pneumoniae, klebsiella, kp35, carbapenem, kp, st258, crkp, isolates, neutrophils, carbapenemase"
254,Computer Science,"Tópico 254. Palabras clave: microservices, architectural, microservice, tactics, security, frameworks, patterns, scalability, architecture, systems"
255,Computer Science,"Tópico 255. Palabras clave: mining, healthcare, process, emergency, processes, care, medical, er, patient, techniques"
256,Agricultural and Biological Sciences,"Tópico 256. Palabras clave: insecticidal, sup, insect, melanogaster, pest, insecticides, peramine, extracts, xylostella, anisopliae"
257,Pharmacology,"Tópico 257. Palabras clave: pharmacogenomics, pgx, pharmacogenetics, lac, cyp2b6, drug, cyp2d6, clinical, cyp2c19, cyp3a5"
258,Environmental Science,"Tópico 258. Palabras clave: urban, climate, comfort, city, heat, spaces, square, cities, planning, socioeconomic"
259,Economics,"Tópico 259. Palabras clave: recycling, waste, municipal, municipalities, collection, valorisation, mswm, market, metropolitan, adoption"
260,Social Sciences,"Tópico 260. Palabras clave: digital, ict, technology, competences, technologies, learning, students, use, teachers, educational"
261,Physics and Astronomy,"Tópico 261. Palabras clave: beam, photoproduction, jefferson, photon, asymmetry, gluex, gev, clas, 1520, reaction"
262,Energy,"Tópico 262. Palabras clave: microgrids, microgrid, rural, energy, som, renewable, load, electricity, isolated, ecuador"
263,Chemistry,"Tópico 263. Palabras clave: lr, mc, mins, imprinted, molecularly, mina, nmol, detection, assay, microcystins"
264,Environmental Science,"Tópico 264. Palabras clave: antarctic, subtidal, pits, ice, macrobenthic, intertidal, fildes, glacier, variation, richness"
265,Computer Science,"Tópico 265. Palabras clave: gradual, typing, parametricity, sealing, noninterference, security, language, declassification, types, privacy"
266,Medicine,"Tópico 266. Palabras clave: variants, flg, lcat, polymorphism, patients, ad, rs693, cohort, genotype, decipherd"
267,Medicine,"Tópico 267. Palabras clave: diabetes, t1d, aya, retinopathy, diabetic, pwt1d, care, young, contraception, screening"
268,Agricultural and Biological Sciences,"Tópico 268. Palabras clave: cocoa, cacao, soil, crop, fertilization, theobroma, yield, nitrogen, grain, ccn"
269,Veterinary,"Tópico 269. Palabras clave: sperm, storage, spermatozoa, semen, motility, spermatocytes, fish, undiluted, blenny, membrane"
270,Social Sciences,"Tópico 270. Palabras clave: portugal, patronage, parties, party, portuguese, youth, government, political, intermunicipal, governance"
271,Earth and Planetary Sciences,"Tópico 271. Palabras clave: fault, faults, slip, zone, crustal, strike, oblique, arc, deformation, hydrothermal"
272,Chemistry,"Tópico 272. Palabras clave: pamam, dendrimers, pcl, dendrimer, interfacial, toluene, drug, peg, aggregates, interfaces"
273,Materials Science,"Tópico 273. Palabras clave: silica, drug, release, delivery, skin, nanoparticles, nanocarriers, nanocarrier, nc, npsi"
274,Materials Science,"Tópico 274. Palabras clave: ferroelectric, fefet, fe, switching, transistor, steep, hzo, capacitance, spiking, polarization"
275,Biochemistry,"Tópico 275. Palabras clave: angiotensin, hypertrophy, gdf11, mitochondrial, cardiomyocyte, ang, hypertrophic, ace2, ne, cardiac"
276,Mathematics,"Tópico 276. Palabras clave: problem, restricted, orbits, hamiltonian, body, equilibria, stability, primaries, kam, tori"
277,Physics and Astronomy,"Tópico 277. Palabras clave: cmb, foreground, core, cosmic, cmbr, sky, primordial, mission, lensing, polarization"
278,Physics and Astronomy,"Tópico 278. Palabras clave: dijet, tev, pp, forward, atlas, detector, collisions, electroweak, proton, jets"
279,Decision Sciences,"Tópico 279. Palabras clave: salesman, traveling, routing, instances, problem, vehicle, algorithm, tour, customers, customer"
280,Biochemistry,"Tópico 280. Palabras clave: muscle, mitochondrial, skeletal, atp, ip3r, mdx, fibers, panx1, dca, mitophagy"
281,Earth and Planetary Sciences,"Tópico 281. Palabras clave: sst, submesoscale, sea, upwelling, ocean, cfb, wind, mhws, tfb, stratocumulus"
282,Immunology and Microbiology,"Tópico 282. Palabras clave: abortus, brucella, brucellosis, 2308, vaccine, znmp, vaccines, macrophages, virulence, bab1_0270"
283,Materials Science,"Tópico 283. Palabras clave: blends, pema, glycerol, pgsma, cnc, pla, poly, polyelectrolytes, peo, aa"
284,Pharmacology,"Tópico 284. Palabras clave: coumestrol, tpp, mao, antioxidant, coumarin, antiproliferative, compounds, esters, betulinic, triterpenic"
285,Immunology and Microbiology,"Tópico 285. Palabras clave: aeruginosa, bacteriophages, plasmid, elastase, pseudomonas, isolates, phages, plasmids, amr, st654"
286,Neuroscience,"Tópico 286. Palabras clave: preeclampsia, brain, perfusion, sevs, rupp, offspring, spondin, pe, sco, blood"
287,Nursing,"Tópico 287. Palabras clave: guidelines, checklist, clinical, software, app, telehealth, reporting, health, medicare, adapted"
288,Medicine,"Tópico 288. Palabras clave: sars, cov, rbd, tuberculosis, neutralizing, igg, hiv, covid, variant, 19"
289,Chemical Engineering,"Tópico 289. Palabras clave: microalgae, wastewater, biogas, filtration, productivity, dilution, ultrafiltration, cov, sars, microbiome"
290,Computer Science,"Tópico 290. Palabras clave: scheduling, machines, conference, lp, jobs, problem, job, petri, setup, integrality"
291,Neuroscience,"Tópico 291. Palabras clave: tau, amyloid, ad, filaments, alzheimer, asymad, seeding, caa, pathology, brains"
292,Decision Sciences,"Tópico 292. Palabras clave: fire, wildfire, wildland, ignition, wildfires, fires, wui, burned, firebreaks, soil"
293,Psychology,"Tópico 293. Palabras clave: academic, psychological, capital, psycap, sisco, students, stress, performance, bdnf, coping"
294,Physics and Astronomy,"Tópico 294. Palabras clave: jet, jets, proton, calibration, pt, energy, transverse, atlas, detector, calorimeter"
295,Computer Science,"Tópico 295. Palabras clave: multicore, drl, fiber, optical, reinforcement, networks, elastic, mcf, allocation, deep"
296,Pharmacology,"Tópico 296. Palabras clave: hsv, tax, ham, tsp, 4d, herpes, simplex, virus, neuronal, htlv"
297,Physics and Astronomy,"Tópico 297. Palabras clave: occultation, occultations, km, objects, albedo, rings, chariklo, stellar, object, neptunian"
298,Environmental Science,"Tópico 298. Palabras clave: phosphorus, soil, efficiency, fertilizers, ryegrass, bapf, lmwoas, plant, phytase, organic"
299,Environmental Science,"Tópico 299. Palabras clave: copepods, upwelling, copepod, diversity, pacific, humboldt, krill, species, ocean, patterns"
300,Physics and Astronomy,"Tópico 300. Palabras clave: quark, top, changing, decays, flavour, neutral, fcnc, branching, search, limits"
301,Computer Science,"Tópico 301. Palabras clave: network, dimensioning, wavelength, wireless, user, qos, routing, networks, wdm, mimo"
302,Social Sciences,"Tópico 302. Palabras clave: tax, law, bankruptcy, trademark, retroactivity, de, derecho, la, civil, el"
303,Chemical Engineering,"Tópico 303. Palabras clave: fly, ash, mesoporous, adsorption, functionalized, adsorbent, silica, sulfate, mms, coal"
304,Physics and Astronomy,"Tópico 304. Palabras clave: stars, winds, wind, stellar, loss, massive, hydrodynamic, line, mass, slow"
305,Pharmacology,"Tópico 305. Palabras clave: asnase, venom, loxosceles, asparaginase, loxoscelism, glycosylated, sicarius, laeta, sera, glycosylation"
306,Agricultural and Biological Sciences,"Tópico 306. Palabras clave: crop, fao, yield, ndvi, irrigation, etc, rn, blueberry, evapotranspiration, drip"
307,Physics and Astronomy,"Tópico 307. Palabras clave: heavy, majorana, neutrinos, neutrino, handed, search, right, tev, muon, lepton"
308,Energy,"Tópico 308. Palabras clave: carbonization, htc, waste, hydrothermal, hydrochar, gasification, solid, msw, usw, biomass"
309,Agricultural and Biological Sciences,"Tópico 309. Palabras clave: paralarvae, octopus, megalocyathus, enteroctopus, cannibalism, artemia, dah, patagonian, fed, paralarval"
310,Economics,"Tópico 310. Palabras clave: blockchain, tokens, decentralized, cryptoassets, security, finance, assets, fraud, financial, stablecoins"
311,Energy,"Tópico 311. Palabras clave: dc, converter, power, pv, partial, ppc, photovoltaic, stage, inverter, conversion"
312,Immunology and Microbiology,"Tópico 312. Palabras clave: streptomyces, strain, actinobacteria, antarctic, bacteria, igneacidithiobacillus, keratinases, acidithiobacillus, bioleaching, strains"
313,Economics,"Tópico 313. Palabras clave: energy, electricity, poverty, tax, geothermal, renewable, tco2e, policy, policies, sector"
314,Mathematics,"Tópico 314. Palabras clave: bell, causal, realism, instrumental, quantum, choices, test, nonclassicality, unpredictable, local"
315,Business,"Tópico 315. Palabras clave: cyclists, bus, conflicts, drivers, cycling, bicycle, road, bike, bicycles, transport"
316,Agricultural and Biological Sciences,"Tópico 316. Palabras clave: maclovinus, ration, metabolism, eleginops, psu, rations, salinities, salinity, osmoregulatory, liver"
317,Chemical Engineering,"Tópico 317. Palabras clave: reaction, reactions, electronic, polanyi, synchronicity, evans, dmis, dipolar, principle, polarizability"
318,Materials Science,"Tópico 318. Palabras clave: bose, hydrostatic, impurity, wires, pressure, quantum, electric, gaas, donor, renormalization"
319,Chemistry,"Tópico 319. Palabras clave: pickering, emulsions, spray, fo, lupin, emulsifying, bioactive, drying, agri, byproducts"
320,Medicine,"Tópico 320. Palabras clave: htx, offspring, mis, inborn, iei, immune, gestated, ucld, immunity, nk"
321,Biochemistry,"Tópico 321. Palabras clave: steroid, ovarian, ovary, follicular, hormone, ufc, e4, follicles, 24h, hormones"
